chunk_id	status	filename	rows_approx	upload_url	notes
0001	UPLOADED	expr_part_0001of0270.tsv.gz	532099	https://storage.base44.com/expr_chunks/expr_part_0001of0270.tsv.gz	upload_confirmed
0002	UPLOADED	expr_part_0002of0270.tsv.gz	532099	https://storage.base44.com/expr_chunks/expr_part_0002of0270.tsv.gz	upload_confirmed
0003	UPLOADED	expr_part_0003of0270.tsv.gz	532099	https://storage.base44.com/expr_chunks/expr_part_0003of0270.tsv.gz	upload_confirmed
0004	UPLOADED	expr_part_0004of0270.tsv.gz	532099	https://storage.base44.com/expr_chunks/expr_part_0004of0270.tsv.gz	upload_confirmed
0005	UPLOADED	expr_part_0005of0270.tsv.gz	532099	https://storage.base44.com/expr_chunks/expr_part_0005of0270.tsv.gz	upload_confirmed
0006	UPLOADED	expr_part_0006of0270.tsv.gz	532099	https://storage.base44.com/expr_chunks/expr_part_0006of0270.tsv.gz	upload_confirmed
0007	UPLOADED	expr_part_0007of0270.tsv.gz	532099	https://storage.base44.com/expr_chunks/expr_part_0007of0270.tsv.gz	upload_confirmed
0008	UPLOADED	expr_part_0008of0270.tsv.gz	532099	https://storage.base44.com/expr_chunks/expr_part_0008of0270.tsv.gz	upload_confirmed
0009	UPLOADED	expr_part_0009of0270.tsv.gz	532099	https://storage.base44.com/expr_chunks/expr_part_0009of0270.tsv.gz	upload_confirmed
0010	UPLOADED	expr_part_0010of0270.tsv.gz	532099	https://storage.base44.com/expr_chunks/expr_part_0010of0270.tsv.gz	upload_confirmed
0011	UPLOADED	expr_part_0011of0270.tsv.gz	532099	https://storage.base44.com/expr_chunks/expr_part_0011of0270.tsv.gz	upload_confirmed
0012	UPLOADED	expr_part_0012of0270.tsv.gz	532099	https://storage.base44.com/expr_chunks/expr_part_0012of0270.tsv.gz	upload_confirmed
0013	UPLOADED	expr_part_0013of0270.tsv.gz	532099	https://storage.base44.com/expr_chunks/expr_part_0013of0270.tsv.gz	upload_confirmed
0014	UPLOADED	expr_part_0014of0270.tsv.gz	532099	https://storage.base44.com/expr_chunks/expr_part_0014of0270.tsv.gz	upload_confirmed
0015	UPLOADED	expr_part_0015of0270.tsv.gz	532099	https://storage.base44.com/expr_chunks/expr_part_0015of0270.tsv.gz	upload_confirmed
0016	UPLOADED	expr_part_0016of0270.tsv.gz	532099	https://storage.base44.com/expr_chunks/expr_part_0016of0270.tsv.gz	upload_confirmed
0017	UPLOADED	expr_part_0017of0270.tsv.gz	532099	https://storage.base44.com/expr_chunks/expr_part_0017of0270.tsv.gz	upload_confirmed
0018	UPLOADED	expr_part_0018of0270.tsv.gz	532099	https://storage.base44.com/expr_chunks/expr_part_0018of0270.tsv.gz	upload_confirmed
0019	UPLOADED	expr_part_0019of0270.tsv.gz	532099	https://storage.base44.com/expr_chunks/expr_part_0019of0270.tsv.gz	upload_confirmed
0020	UPLOADED	expr_part_0020of0270.tsv.gz	532099	https://storage.base44.com/expr_chunks/expr_part_0020of0270.tsv.gz	upload_confirmed
0021	UPLOADED	expr_part_0021of0270.tsv.gz	532099	https://storage.base44.com/expr_chunks/expr_part_0021of0270.tsv.gz	upload_confirmed
0022	UPLOADED	expr_part_0022of0270.tsv.gz	532099	https://storage.base44.com/expr_chunks/expr_part_0022of0270.tsv.gz	upload_confirmed
0023	UPLOADED	expr_part_0023of0270.tsv.gz	532099	https://storage.base44.com/expr_chunks/expr_part_0023of0270.tsv.gz	upload_confirmed
0024	UPLOADED	expr_part_0024of0270.tsv.gz	532099	https://storage.base44.com/expr_chunks/expr_part_0024of0270.tsv.gz	upload_confirmed
0025	UPLOADED	expr_part_0025of0270.tsv.gz	532099	https://storage.base44.com/expr_chunks/expr_part_0025of0270.tsv.gz	upload_confirmed
0026	UPLOADED	expr_part_0026of0270.tsv.gz	532099	https://storage.base44.com/expr_chunks/expr_part_0026of0270.tsv.gz	upload_confirmed
0027	UPLOADED	expr_part_0027of0270.tsv.gz	532099	https://storage.base44.com/expr_chunks/expr_part_0027of0270.tsv.gz	upload_confirmed
0028	UPLOADED	expr_part_0028of0270.tsv.gz	532099	https://storage.base44.com/expr_chunks/expr_part_0028of0270.tsv.gz	upload_confirmed
0029	UPLOADED	expr_part_0029of0270.tsv.gz	532099	https://storage.base44.com/expr_chunks/expr_part_0029of0270.tsv.gz	upload_confirmed
0030	UPLOADED	expr_part_0030of0270.tsv.gz	532099	https://storage.base44.com/expr_chunks/expr_part_0030of0270.tsv.gz	upload_confirmed
0031	UPLOADED	expr_part_0031of0270.tsv.gz	532099	https://storage.base44.com/expr_chunks/expr_part_0031of0270.tsv.gz	upload_confirmed
0032	UPLOADED	expr_part_0032of0270.tsv.gz	532099	https://storage.base44.com/expr_chunks/expr_part_0032of0270.tsv.gz	upload_confirmed
0033	UPLOADED	expr_part_0033of0270.tsv.gz	532099	https://storage.base44.com/expr_chunks/expr_part_0033of0270.tsv.gz	upload_confirmed
0034	UPLOADED	expr_part_0034of0270.tsv.gz	532099	https://storage.base44.com/expr_chunks/expr_part_0034of0270.tsv.gz	upload_confirmed
0035	UPLOADED	expr_part_0035of0270.tsv.gz	532099	https://storage.base44.com/expr_chunks/expr_part_0035of0270.tsv.gz	upload_confirmed
0036	UPLOADED	expr_part_0036of0270.tsv.gz	532099	https://storage.base44.com/expr_chunks/expr_part_0036of0270.tsv.gz	upload_confirmed
0037	UPLOADED	expr_part_0037of0270.tsv.gz	532099	https://storage.base44.com/expr_chunks/expr_part_0037of0270.tsv.gz	upload_confirmed
0038	UPLOADED	expr_part_0038of0270.tsv.gz	532099	https://storage.base44.com/expr_chunks/expr_part_0038of0270.tsv.gz	upload_confirmed
0039	UPLOADED	expr_part_0039of0270.tsv.gz	532099	https://storage.base44.com/expr_chunks/expr_part_0039of0270.tsv.gz	upload_confirmed
0040	UPLOADED	expr_part_0040of0270.tsv.gz	532099	https://storage.base44.com/expr_chunks/expr_part_0040of0270.tsv.gz	upload_confirmed
0041	UPLOADED	expr_part_0041of0270.tsv.gz	532099	https://storage.base44.com/expr_chunks/expr_part_0041of0270.tsv.gz	upload_confirmed
0042	UPLOADED	expr_part_0042of0270.tsv.gz	532099	https://storage.base44.com/expr_chunks/expr_part_0042of0270.tsv.gz	upload_confirmed
0043	UPLOADED	expr_part_0043of0270.tsv.gz	532099	https://storage.base44.com/expr_chunks/expr_part_0043of0270.tsv.gz	upload_confirmed
0044	UPLOADED	expr_part_0044of0270.tsv.gz	532099	https://storage.base44.com/expr_chunks/expr_part_0044of0270.tsv.gz	upload_confirmed
0045	UPLOADED	expr_part_0045of0270.tsv.gz	532099	https://storage.base44.com/expr_chunks/expr_part_0045of0270.tsv.gz	upload_confirmed
0046	UPLOADED	expr_part_0046of0270.tsv.gz	532099	https://storage.base44.com/expr_chunks/expr_part_0046of0270.tsv.gz	upload_confirmed
0047	UPLOADED	expr_part_0047of0270.tsv.gz	532099	https://storage.base44.com/expr_chunks/expr_part_0047of0270.tsv.gz	upload_confirmed
0048	UPLOADED	expr_part_0048of0270.tsv.gz	532099	https://storage.base44.com/expr_chunks/expr_part_0048of0270.tsv.gz	upload_confirmed
0049	UPLOADED	expr_part_0049of0270.tsv.gz	532099	https://storage.base44.com/expr_chunks/expr_part_0049of0270.tsv.gz	upload_confirmed
0050	UPLOADED	expr_part_0050of0270.tsv.gz	532099	https://storage.base44.com/expr_chunks/expr_part_0050of0270.tsv.gz	upload_confirmed
0051	UPLOADED	expr_part_0051of0270.tsv.gz	532099	https://storage.base44.com/expr_chunks/expr_part_0051of0270.tsv.gz	upload_confirmed
0052	UPLOADED	expr_part_0052of0270.tsv.gz	532099	https://storage.base44.com/expr_chunks/expr_part_0052of0270.tsv.gz	upload_confirmed
0053	UPLOADED	expr_part_0053of0270.tsv.gz	532099	https://storage.base44.com/expr_chunks/expr_part_0053of0270.tsv.gz	upload_confirmed
0054	UPLOADED	expr_part_0054of0270.tsv.gz	532099	https://storage.base44.com/expr_chunks/expr_part_0054of0270.tsv.gz	upload_confirmed
0055	UPLOADED	expr_part_0055of0270.tsv.gz	532099	https://storage.base44.com/expr_chunks/expr_part_0055of0270.tsv.gz	upload_confirmed
0056	UPLOADED	expr_part_0056of0270.tsv.gz	532099	https://storage.base44.com/expr_chunks/expr_part_0056of0270.tsv.gz	upload_confirmed
0057	UPLOADED	expr_part_0057of0270.tsv.gz	532099	https://storage.base44.com/expr_chunks/expr_part_0057of0270.tsv.gz	upload_confirmed
0058	UPLOADED	expr_part_0058of0270.tsv.gz	532099	https://storage.base44.com/expr_chunks/expr_part_0058of0270.tsv.gz	upload_confirmed
0059	UPLOADED	expr_part_0059of0270.tsv.gz	532099	https://storage.base44.com/expr_chunks/expr_part_0059of0270.tsv.gz	upload_confirmed
0060	UPLOADED	expr_part_0060of0270.tsv.gz	532099	https://storage.base44.com/expr_chunks/expr_part_0060of0270.tsv.gz	upload_confirmed
0061	UPLOADED	expr_part_0061of0270.tsv.gz	532099	https://storage.base44.com/expr_chunks/expr_part_0061of0270.tsv.gz	upload_confirmed
0062	UPLOADED	expr_part_0062of0270.tsv.gz	532099	https://storage.base44.com/expr_chunks/expr_part_0062of0270.tsv.gz	upload_confirmed
0063	UPLOADED	expr_part_0063of0270.tsv.gz	532099	https://storage.base44.com/expr_chunks/expr_part_0063of0270.tsv.gz	upload_confirmed
0064	UPLOADED	expr_part_0064of0270.tsv.gz	532099	https://storage.base44.com/expr_chunks/expr_part_0064of0270.tsv.gz	upload_confirmed
0065	UPLOADED	expr_part_0065of0270.tsv.gz	532099	https://storage.base44.com/expr_chunks/expr_part_0065of0270.tsv.gz	upload_confirmed
0066	UPLOADED	expr_part_0066of0270.tsv.gz	532099	https://storage.base44.com/expr_chunks/expr_part_0066of0270.tsv.gz	upload_confirmed
0067	UPLOADED	expr_part_0067of0270.tsv.gz	532099	https://storage.base44.com/expr_chunks/expr_part_0067of0270.tsv.gz	upload_confirmed
0068	UPLOADED	expr_part_0068of0270.tsv.gz	532099	https://storage.base44.com/expr_chunks/expr_part_0068of0270.tsv.gz	upload_confirmed
0069	UPLOADED	expr_part_0069of0270.tsv.gz	532099	https://storage.base44.com/expr_chunks/expr_part_0069of0270.tsv.gz	upload_confirmed
0070	UPLOADED	expr_part_0070of0270.tsv.gz	532099	https://storage.base44.com/expr_chunks/expr_part_0070of0270.tsv.gz	upload_confirmed
0071	UPLOADED	expr_part_0071of0270.tsv.gz	532099	https://storage.base44.com/expr_chunks/expr_part_0071of0270.tsv.gz	upload_confirmed
0072	UPLOADED	expr_part_0072of0270.tsv.gz	532099	https://storage.base44.com/expr_chunks/expr_part_0072of0270.tsv.gz	upload_confirmed
0073	UPLOADED	expr_part_0073of0270.tsv.gz	532099	https://storage.base44.com/expr_chunks/expr_part_0073of0270.tsv.gz	upload_confirmed
0074	UPLOADED	expr_part_0074of0270.tsv.gz	532099	https://storage.base44.com/expr_chunks/expr_part_0074of0270.tsv.gz	upload_confirmed
0075	UPLOADED	expr_part_0075of0270.tsv.gz	532099	https://storage.base44.com/expr_chunks/expr_part_0075of0270.tsv.gz	upload_confirmed
0076	UPLOADED	expr_part_0076of0270.tsv.gz	532099	https://storage.base44.com/expr_chunks/expr_part_0076of0270.tsv.gz	upload_confirmed
0077	UPLOADED	expr_part_0077of0270.tsv.gz	532099	https://storage.base44.com/expr_chunks/expr_part_0077of0270.tsv.gz	upload_confirmed
0078	UPLOADED	expr_part_0078of0270.tsv.gz	532099	https://storage.base44.com/expr_chunks/expr_part_0078of0270.tsv.gz	upload_confirmed
0079	UPLOADED	expr_part_0079of0270.tsv.gz	532099	https://storage.base44.com/expr_chunks/expr_part_0079of0270.tsv.gz	upload_confirmed
0080	UPLOADED	expr_part_0080of0270.tsv.gz	532099	https://storage.base44.com/expr_chunks/expr_part_0080of0270.tsv.gz	upload_confirmed
0081	UPLOADED	expr_part_0081of0270.tsv.gz	532099	https://storage.base44.com/expr_chunks/expr_part_0081of0270.tsv.gz	upload_confirmed
0082	UPLOADED	expr_part_0082of0270.tsv.gz	532099	https://storage.base44.com/expr_chunks/expr_part_0082of0270.tsv.gz	upload_confirmed
0083	UPLOADED	expr_part_0083of0270.tsv.gz	532099	https://storage.base44.com/expr_chunks/expr_part_0083of0270.tsv.gz	upload_confirmed
0084	UPLOADED	expr_part_0084of0270.tsv.gz	532099	https://storage.base44.com/expr_chunks/expr_part_0084of0270.tsv.gz	upload_confirmed
0085	UPLOADED	expr_part_0085of0270.tsv.gz	532099	https://storage.base44.com/expr_chunks/expr_part_0085of0270.tsv.gz	upload_confirmed
0086	UPLOADED	expr_part_0086of0270.tsv.gz	532099	https://storage.base44.com/expr_chunks/expr_part_0086of0270.tsv.gz	upload_confirmed
0087	UPLOADED	expr_part_0087of0270.tsv.gz	532099	https://storage.base44.com/expr_chunks/expr_part_0087of0270.tsv.gz	upload_confirmed
0088	UPLOADED	expr_part_0088of0270.tsv.gz	532099	https://storage.base44.com/expr_chunks/expr_part_0088of0270.tsv.gz	upload_confirmed
0089	UPLOADED	expr_part_0089of0270.tsv.gz	532099	https://storage.base44.com/expr_chunks/expr_part_0089of0270.tsv.gz	upload_confirmed
0090	UPLOADED	expr_part_0090of0270.tsv.gz	532099	https://storage.base44.com/expr_chunks/expr_part_0090of0270.tsv.gz	upload_confirmed
0091	UPLOADED	expr_part_0091of0270.tsv.gz	532099	https://storage.base44.com/expr_chunks/expr_part_0091of0270.tsv.gz	upload_confirmed
0092	UPLOADED	expr_part_0092of0270.tsv.gz	532099	https://storage.base44.com/expr_chunks/expr_part_0092of0270.tsv.gz	upload_confirmed
0093	UPLOADED	expr_part_0093of0270.tsv.gz	532099	https://storage.base44.com/expr_chunks/expr_part_0093of0270.tsv.gz	upload_confirmed
0094	UPLOADED	expr_part_0094of0270.tsv.gz	532099	https://storage.base44.com/expr_chunks/expr_part_0094of0270.tsv.gz	upload_confirmed
0095	UPLOADED	expr_part_0095of0270.tsv.gz	532099	https://storage.base44.com/expr_chunks/expr_part_0095of0270.tsv.gz	upload_confirmed
0096	UPLOADED	expr_part_0096of0270.tsv.gz	532099	https://storage.base44.com/expr_chunks/expr_part_0096of0270.tsv.gz	upload_confirmed
0097	UPLOADED	expr_part_0097of0270.tsv.gz	532099	https://storage.base44.com/expr_chunks/expr_part_0097of0270.tsv.gz	upload_confirmed
0098	UPLOADED	expr_part_0098of0270.tsv.gz	532099	https://storage.base44.com/expr_chunks/expr_part_0098of0270.tsv.gz	upload_confirmed
0099	UPLOADED	expr_part_0099of0270.tsv.gz	532099	https://storage.base44.com/expr_chunks/expr_part_0099of0270.tsv.gz	upload_confirmed
0100	UPLOADED	expr_part_0100of0270.tsv.gz	532099	https://storage.base44.com/expr_chunks/expr_part_0100of0270.tsv.gz	upload_confirmed
0101	UPLOADED	expr_part_0101of0270.tsv.gz	532099	https://storage.base44.com/expr_chunks/expr_part_0101of0270.tsv.gz	upload_confirmed
0102	UPLOADED	expr_part_0102of0270.tsv.gz	532099	https://storage.base44.com/expr_chunks/expr_part_0102of0270.tsv.gz	upload_confirmed
0103	UPLOADED	expr_part_0103of0270.tsv.gz	532099	https://storage.base44.com/expr_chunks/expr_part_0103of0270.tsv.gz	upload_confirmed
0104	UPLOADED	expr_part_0104of0270.tsv.gz	532099	https://storage.base44.com/expr_chunks/expr_part_0104of0270.tsv.gz	upload_confirmed
0105	UPLOADED	expr_part_0105of0270.tsv.gz	532099	https://storage.base44.com/expr_chunks/expr_part_0105of0270.tsv.gz	upload_confirmed
0106	UPLOADED	expr_part_0106of0270.tsv.gz	532099	https://storage.base44.com/expr_chunks/expr_part_0106of0270.tsv.gz	upload_confirmed
0107	UPLOADED	expr_part_0107of0270.tsv.gz	532099	https://storage.base44.com/expr_chunks/expr_part_0107of0270.tsv.gz	upload_confirmed
0108	UPLOADED	expr_part_0108of0270.tsv.gz	532099	https://storage.base44.com/expr_chunks/expr_part_0108of0270.tsv.gz	upload_confirmed
0109	UPLOADED	expr_part_0109of0270.tsv.gz	532099	https://storage.base44.com/expr_chunks/expr_part_0109of0270.tsv.gz	upload_confirmed
0110	UPLOADED	expr_part_0110of0270.tsv.gz	532099	https://storage.base44.com/expr_chunks/expr_part_0110of0270.tsv.gz	upload_confirmed
0111	UPLOADED	expr_part_0111of0270.tsv.gz	532099	https://storage.base44.com/expr_chunks/expr_part_0111of0270.tsv.gz	upload_confirmed
0112	UPLOADED	expr_part_0112of0270.tsv.gz	532099	https://storage.base44.com/expr_chunks/expr_part_0112of0270.tsv.gz	upload_confirmed
0113	UPLOADED	expr_part_0113of0270.tsv.gz	532099	https://storage.base44.com/expr_chunks/expr_part_0113of0270.tsv.gz	upload_confirmed
0114	UPLOADED	expr_part_0114of0270.tsv.gz	532099	https://storage.base44.com/expr_chunks/expr_part_0114of0270.tsv.gz	upload_confirmed
0115	UPLOADED	expr_part_0115of0270.tsv.gz	532099	https://storage.base44.com/expr_chunks/expr_part_0115of0270.tsv.gz	upload_confirmed
0116	UPLOADED	expr_part_0116of0270.tsv.gz	532099	https://storage.base44.com/expr_chunks/expr_part_0116of0270.tsv.gz	upload_confirmed
0117	UPLOADED	expr_part_0117of0270.tsv.gz	532099	https://storage.base44.com/expr_chunks/expr_part_0117of0270.tsv.gz	upload_confirmed
0118	UPLOADED	expr_part_0118of0270.tsv.gz	532099	https://storage.base44.com/expr_chunks/expr_part_0118of0270.tsv.gz	upload_confirmed
0119	UPLOADED	expr_part_0119of0270.tsv.gz	532099	https://storage.base44.com/expr_chunks/expr_part_0119of0270.tsv.gz	upload_confirmed
0120	UPLOADED	expr_part_0120of0270.tsv.gz	532099	https://storage.base44.com/expr_chunks/expr_part_0120of0270.tsv.gz	upload_confirmed
0121	UPLOADED	expr_part_0121of0270.tsv.gz	532099	https://storage.base44.com/expr_chunks/expr_part_0121of0270.tsv.gz	upload_confirmed
0122	UPLOADED	expr_part_0122of0270.tsv.gz	532099	https://storage.base44.com/expr_chunks/expr_part_0122of0270.tsv.gz	upload_confirmed
0123	UPLOADED	expr_part_0123of0270.tsv.gz	532099	https://storage.base44.com/expr_chunks/expr_part_0123of0270.tsv.gz	upload_confirmed
0124	UPLOADED	expr_part_0124of0270.tsv.gz	532099	https://storage.base44.com/expr_chunks/expr_part_0124of0270.tsv.gz	upload_confirmed
0125	UPLOADED	expr_part_0125of0270.tsv.gz	532099	https://storage.base44.com/expr_chunks/expr_part_0125of0270.tsv.gz	upload_confirmed
0126	UPLOADED	expr_part_0126of0270.tsv.gz	532099	https://storage.base44.com/expr_chunks/expr_part_0126of0270.tsv.gz	upload_confirmed
0127	UPLOADED	expr_part_0127of0270.tsv.gz	532099	https://storage.base44.com/expr_chunks/expr_part_0127of0270.tsv.gz	upload_confirmed
0128	UPLOADED	expr_part_0128of0270.tsv.gz	532099	https://storage.base44.com/expr_chunks/expr_part_0128of0270.tsv.gz	upload_confirmed
0129	UPLOADED	expr_part_0129of0270.tsv.gz	532099	https://storage.base44.com/expr_chunks/expr_part_0129of0270.tsv.gz	upload_confirmed
0130	UPLOADED	expr_part_0130of0270.tsv.gz	532099	https://storage.base44.com/expr_chunks/expr_part_0130of0270.tsv.gz	upload_confirmed
0131	UPLOADED	expr_part_0131of0270.tsv.gz	532099	https://storage.base44.com/expr_chunks/expr_part_0131of0270.tsv.gz	upload_confirmed
0132	UPLOADED	expr_part_0132of0270.tsv.gz	532099	https://storage.base44.com/expr_chunks/expr_part_0132of0270.tsv.gz	upload_confirmed
0133	UPLOADED	expr_part_0133of0270.tsv.gz	532099	https://storage.base44.com/expr_chunks/expr_part_0133of0270.tsv.gz	upload_confirmed
0134	UPLOADED	expr_part_0134of0270.tsv.gz	532099	https://storage.base44.com/expr_chunks/expr_part_0134of0270.tsv.gz	upload_confirmed
0135	UPLOADED	expr_part_0135of0270.tsv.gz	532099	https://storage.base44.com/expr_chunks/expr_part_0135of0270.tsv.gz	upload_confirmed
0136	UPLOADED	expr_part_0136of0270.tsv.gz	532099	https://storage.base44.com/expr_chunks/expr_part_0136of0270.tsv.gz	upload_confirmed
0137	UPLOADED	expr_part_0137of0270.tsv.gz	532099	https://storage.base44.com/expr_chunks/expr_part_0137of0270.tsv.gz	upload_confirmed
0138	UPLOADED	expr_part_0138of0270.tsv.gz	532099	https://storage.base44.com/expr_chunks/expr_part_0138of0270.tsv.gz	upload_confirmed
0139	UPLOADED	expr_part_0139of0270.tsv.gz	532099	https://storage.base44.com/expr_chunks/expr_part_0139of0270.tsv.gz	upload_confirmed
0140	UPLOADED	expr_part_0140of0270.tsv.gz	532099	https://storage.base44.com/expr_chunks/expr_part_0140of0270.tsv.gz	upload_confirmed
0141	UPLOADED	expr_part_0141of0270.tsv.gz	532099	https://storage.base44.com/expr_chunks/expr_part_0141of0270.tsv.gz	upload_confirmed
0142	UPLOADED	expr_part_0142of0270.tsv.gz	532099	https://storage.base44.com/expr_chunks/expr_part_0142of0270.tsv.gz	upload_confirmed
0143	UPLOADED	expr_part_0143of0270.tsv.gz	532099	https://storage.base44.com/expr_chunks/expr_part_0143of0270.tsv.gz	upload_confirmed
0144	UPLOADED	expr_part_0144of0270.tsv.gz	532099	https://storage.base44.com/expr_chunks/expr_part_0144of0270.tsv.gz	upload_confirmed
0145	UPLOADED	expr_part_0145of0270.tsv.gz	532099	https://storage.base44.com/expr_chunks/expr_part_0145of0270.tsv.gz	upload_confirmed
0146	UPLOADED	expr_part_0146of0270.tsv.gz	532099	https://storage.base44.com/expr_chunks/expr_part_0146of0270.tsv.gz	upload_confirmed
0147	UPLOADED	expr_part_0147of0270.tsv.gz	532099	https://storage.base44.com/expr_chunks/expr_part_0147of0270.tsv.gz	upload_confirmed
0148	UPLOADED	expr_part_0148of0270.tsv.gz	532099	https://storage.base44.com/expr_chunks/expr_part_0148of0270.tsv.gz	upload_confirmed
0149	UPLOADED	expr_part_0149of0270.tsv.gz	532099	https://storage.base44.com/expr_chunks/expr_part_0149of0270.tsv.gz	upload_confirmed
0150	UPLOADED	expr_part_0150of0270.tsv.gz	532099	https://storage.base44.com/expr_chunks/expr_part_0150of0270.tsv.gz	upload_confirmed
0151	UPLOADED	expr_part_0151of0270.tsv.gz	532099	https://storage.base44.com/expr_chunks/expr_part_0151of0270.tsv.gz	upload_confirmed
0152	UPLOADED	expr_part_0152of0270.tsv.gz	532099	https://storage.base44.com/expr_chunks/expr_part_0152of0270.tsv.gz	upload_confirmed
0153	UPLOADED	expr_part_0153of0270.tsv.gz	532099	https://storage.base44.com/expr_chunks/expr_part_0153of0270.tsv.gz	upload_confirmed
0154	UPLOADED	expr_part_0154of0270.tsv.gz	532099	https://storage.base44.com/expr_chunks/expr_part_0154of0270.tsv.gz	upload_confirmed
0155	UPLOADED	expr_part_0155of0270.tsv.gz	532099	https://storage.base44.com/expr_chunks/expr_part_0155of0270.tsv.gz	upload_confirmed
0156	UPLOADED	expr_part_0156of0270.tsv.gz	532099	https://storage.base44.com/expr_chunks/expr_part_0156of0270.tsv.gz	upload_confirmed
0157	UPLOADED	expr_part_0157of0270.tsv.gz	532099	https://storage.base44.com/expr_chunks/expr_part_0157of0270.tsv.gz	upload_confirmed
0158	UPLOADED	expr_part_0158of0270.tsv.gz	532099	https://storage.base44.com/expr_chunks/expr_part_0158of0270.tsv.gz	upload_confirmed
0159	UPLOADED	expr_part_0159of0270.tsv.gz	532099	https://storage.base44.com/expr_chunks/expr_part_0159of0270.tsv.gz	upload_confirmed
0160	UPLOADED	expr_part_0160of0270.tsv.gz	532099	https://storage.base44.com/expr_chunks/expr_part_0160of0270.tsv.gz	upload_confirmed
0161	UPLOADED	expr_part_0161of0270.tsv.gz	532099	https://storage.base44.com/expr_chunks/expr_part_0161of0270.tsv.gz	upload_confirmed
0162	UPLOADED	expr_part_0162of0270.tsv.gz	532099	https://storage.base44.com/expr_chunks/expr_part_0162of0270.tsv.gz	upload_confirmed
0163	UPLOADED	expr_part_0163of0270.tsv.gz	532099	https://storage.base44.com/expr_chunks/expr_part_0163of0270.tsv.gz	upload_confirmed
0164	UPLOADED	expr_part_0164of0270.tsv.gz	532099	https://storage.base44.com/expr_chunks/expr_part_0164of0270.tsv.gz	upload_confirmed
0165	UPLOADED	expr_part_0165of0270.tsv.gz	532099	https://storage.base44.com/expr_chunks/expr_part_0165of0270.tsv.gz	upload_confirmed
0166	UPLOADED	expr_part_0166of0270.tsv.gz	532099	https://storage.base44.com/expr_chunks/expr_part_0166of0270.tsv.gz	upload_confirmed
0167	UPLOADED	expr_part_0167of0270.tsv.gz	532099	https://storage.base44.com/expr_chunks/expr_part_0167of0270.tsv.gz	upload_confirmed
0168	UPLOADED	expr_part_0168of0270.tsv.gz	532099	https://storage.base44.com/expr_chunks/expr_part_0168of0270.tsv.gz	upload_confirmed
0169	UPLOADED	expr_part_0169of0270.tsv.gz	532099	https://storage.base44.com/expr_chunks/expr_part_0169of0270.tsv.gz	upload_confirmed
0170	UPLOADED	expr_part_0170of0270.tsv.gz	532099	https://storage.base44.com/expr_chunks/expr_part_0170of0270.tsv.gz	upload_confirmed
0171	UPLOADED	expr_part_0171of0270.tsv.gz	532099	https://storage.base44.com/expr_chunks/expr_part_0171of0270.tsv.gz	upload_confirmed
0172	UPLOADED	expr_part_0172of0270.tsv.gz	532099	https://storage.base44.com/expr_chunks/expr_part_0172of0270.tsv.gz	upload_confirmed
0173	UPLOADED	expr_part_0173of0270.tsv.gz	532099	https://storage.base44.com/expr_chunks/expr_part_0173of0270.tsv.gz	upload_confirmed
0174	UPLOADED	expr_part_0174of0270.tsv.gz	532099	https://storage.base44.com/expr_chunks/expr_part_0174of0270.tsv.gz	upload_confirmed
0175	UPLOADED	expr_part_0175of0270.tsv.gz	532099	https://storage.base44.com/expr_chunks/expr_part_0175of0270.tsv.gz	upload_confirmed
0176	UPLOADED	expr_part_0176of0270.tsv.gz	532099	https://storage.base44.com/expr_chunks/expr_part_0176of0270.tsv.gz	upload_confirmed
0177	UPLOADED	expr_part_0177of0270.tsv.gz	532099	https://storage.base44.com/expr_chunks/expr_part_0177of0270.tsv.gz	upload_confirmed
0178	UPLOADED	expr_part_0178of0270.tsv.gz	532099	https://storage.base44.com/expr_chunks/expr_part_0178of0270.tsv.gz	upload_confirmed
0179	UPLOADED	expr_part_0179of0270.tsv.gz	532099	https://storage.base44.com/expr_chunks/expr_part_0179of0270.tsv.gz	upload_confirmed
0180	UPLOADED	expr_part_0180of0270.tsv.gz	532099	https://storage.base44.com/expr_chunks/expr_part_0180of0270.tsv.gz	upload_confirmed
0181	UPLOADED	expr_part_0181of0270.tsv.gz	532099	https://storage.base44.com/expr_chunks/expr_part_0181of0270.tsv.gz	upload_confirmed
0182	UPLOADED	expr_part_0182of0270.tsv.gz	532099	https://storage.base44.com/expr_chunks/expr_part_0182of0270.tsv.gz	upload_confirmed
0183	UPLOADED	expr_part_0183of0270.tsv.gz	532099	https://storage.base44.com/expr_chunks/expr_part_0183of0270.tsv.gz	upload_confirmed
0184	UPLOADED	expr_part_0184of0270.tsv.gz	532099	https://storage.base44.com/expr_chunks/expr_part_0184of0270.tsv.gz	upload_confirmed
0185	UPLOADED	expr_part_0185of0270.tsv.gz	532099	https://storage.base44.com/expr_chunks/expr_part_0185of0270.tsv.gz	upload_confirmed
0186	UPLOADED	expr_part_0186of0270.tsv.gz	532099	https://storage.base44.com/expr_chunks/expr_part_0186of0270.tsv.gz	upload_confirmed
0187	UPLOADED	expr_part_0187of0270.tsv.gz	532099	https://storage.base44.com/expr_chunks/expr_part_0187of0270.tsv.gz	upload_confirmed
0188	UPLOADED	expr_part_0188of0270.tsv.gz	532099	https://storage.base44.com/expr_chunks/expr_part_0188of0270.tsv.gz	upload_confirmed
0189	UPLOADED	expr_part_0189of0270.tsv.gz	532099	https://storage.base44.com/expr_chunks/expr_part_0189of0270.tsv.gz	upload_confirmed
0190	UPLOADED	expr_part_0190of0270.tsv.gz	532099	https://storage.base44.com/expr_chunks/expr_part_0190of0270.tsv.gz	upload_confirmed
0191	UPLOADED	expr_part_0191of0270.tsv.gz	532099	https://storage.base44.com/expr_chunks/expr_part_0191of0270.tsv.gz	upload_confirmed
0192	UPLOADED	expr_part_0192of0270.tsv.gz	532099	https://storage.base44.com/expr_chunks/expr_part_0192of0270.tsv.gz	upload_confirmed
0193	UPLOADED	expr_part_0193of0270.tsv.gz	532099	https://storage.base44.com/expr_chunks/expr_part_0193of0270.tsv.gz	upload_confirmed
0194	UPLOADED	expr_part_0194of0270.tsv.gz	532099	https://storage.base44.com/expr_chunks/expr_part_0194of0270.tsv.gz	upload_confirmed
0195	UPLOADED	expr_part_0195of0270.tsv.gz	532099	https://storage.base44.com/expr_chunks/expr_part_0195of0270.tsv.gz	upload_confirmed
0196	UPLOADED	expr_part_0196of0270.tsv.gz	532099	https://storage.base44.com/expr_chunks/expr_part_0196of0270.tsv.gz	upload_confirmed
0197	UPLOADED	expr_part_0197of0270.tsv.gz	532099	https://storage.base44.com/expr_chunks/expr_part_0197of0270.tsv.gz	upload_confirmed
0198	UPLOADED	expr_part_0198of0270.tsv.gz	532099	https://storage.base44.com/expr_chunks/expr_part_0198of0270.tsv.gz	upload_confirmed
0199	UPLOADED	expr_part_0199of0270.tsv.gz	532099	https://storage.base44.com/expr_chunks/expr_part_0199of0270.tsv.gz	upload_confirmed
0200	UPLOADED	expr_part_0200of0270.tsv.gz	532099	https://storage.base44.com/expr_chunks/expr_part_0200of0270.tsv.gz	upload_confirmed
0201	UPLOADED	expr_part_0201of0270.tsv.gz	532099	https://storage.base44.com/expr_chunks/expr_part_0201of0270.tsv.gz	upload_confirmed
0202	UPLOADED	expr_part_0202of0270.tsv.gz	532099	https://storage.base44.com/expr_chunks/expr_part_0202of0270.tsv.gz	upload_confirmed
0203	UPLOADED	expr_part_0203of0270.tsv.gz	532099	https://storage.base44.com/expr_chunks/expr_part_0203of0270.tsv.gz	upload_confirmed
0204	UPLOADED	expr_part_0204of0270.tsv.gz	532099	https://storage.base44.com/expr_chunks/expr_part_0204of0270.tsv.gz	upload_confirmed
0205	UPLOADED	expr_part_0205of0270.tsv.gz	532099	https://storage.base44.com/expr_chunks/expr_part_0205of0270.tsv.gz	upload_confirmed
0206	UPLOADED	expr_part_0206of0270.tsv.gz	532099	https://storage.base44.com/expr_chunks/expr_part_0206of0270.tsv.gz	upload_confirmed
0207	UPLOADED	expr_part_0207of0270.tsv.gz	532099	https://storage.base44.com/expr_chunks/expr_part_0207of0270.tsv.gz	upload_confirmed
0208	UPLOADED	expr_part_0208of0270.tsv.gz	532099	https://storage.base44.com/expr_chunks/expr_part_0208of0270.tsv.gz	upload_confirmed
0209	UPLOADED	expr_part_0209of0270.tsv.gz	532099	https://storage.base44.com/expr_chunks/expr_part_0209of0270.tsv.gz	upload_confirmed
0210	UPLOADED	expr_part_0210of0270.tsv.gz	532099	https://storage.base44.com/expr_chunks/expr_part_0210of0270.tsv.gz	upload_confirmed
0211	UPLOADED	expr_part_0211of0270.tsv.gz	532099	https://storage.base44.com/expr_chunks/expr_part_0211of0270.tsv.gz	upload_confirmed
0212	UPLOADED	expr_part_0212of0270.tsv.gz	532099	https://storage.base44.com/expr_chunks/expr_part_0212of0270.tsv.gz	upload_confirmed
0213	UPLOADED	expr_part_0213of0270.tsv.gz	532099	https://storage.base44.com/expr_chunks/expr_part_0213of0270.tsv.gz	upload_confirmed
0214	UPLOADED	expr_part_0214of0270.tsv.gz	532099	https://storage.base44.com/expr_chunks/expr_part_0214of0270.tsv.gz	upload_confirmed
0215	UPLOADED	expr_part_0215of0270.tsv.gz	532099	https://storage.base44.com/expr_chunks/expr_part_0215of0270.tsv.gz	upload_confirmed
0216	UPLOADED	expr_part_0216of0270.tsv.gz	532099	https://storage.base44.com/expr_chunks/expr_part_0216of0270.tsv.gz	upload_confirmed
0217	UPLOADED	expr_part_0217of0270.tsv.gz	532099	https://storage.base44.com/expr_chunks/expr_part_0217of0270.tsv.gz	upload_confirmed
0218	UPLOADED	expr_part_0218of0270.tsv.gz	532099	https://storage.base44.com/expr_chunks/expr_part_0218of0270.tsv.gz	upload_confirmed
0219	UPLOADED	expr_part_0219of0270.tsv.gz	532099	https://storage.base44.com/expr_chunks/expr_part_0219of0270.tsv.gz	upload_confirmed
0220	UPLOADED	expr_part_0220of0270.tsv.gz	532099	https://storage.base44.com/expr_chunks/expr_part_0220of0270.tsv.gz	upload_confirmed
0221	UPLOADED	expr_part_0221of0270.tsv.gz	532099	https://storage.base44.com/expr_chunks/expr_part_0221of0270.tsv.gz	upload_confirmed
0222	UPLOADED	expr_part_0222of0270.tsv.gz	532099	https://storage.base44.com/expr_chunks/expr_part_0222of0270.tsv.gz	upload_confirmed
0223	UPLOADED	expr_part_0223of0270.tsv.gz	532099	https://storage.base44.com/expr_chunks/expr_part_0223of0270.tsv.gz	upload_confirmed
0224	UPLOADED	expr_part_0224of0270.tsv.gz	532099	https://storage.base44.com/expr_chunks/expr_part_0224of0270.tsv.gz	upload_confirmed
0225	UPLOADED	expr_part_0225of0270.tsv.gz	532099	https://storage.base44.com/expr_chunks/expr_part_0225of0270.tsv.gz	upload_confirmed
0226	UPLOADED	expr_part_0226of0270.tsv.gz	532099	https://storage.base44.com/expr_chunks/expr_part_0226of0270.tsv.gz	upload_confirmed
0227	UPLOADED	expr_part_0227of0270.tsv.gz	532099	https://storage.base44.com/expr_chunks/expr_part_0227of0270.tsv.gz	upload_confirmed
0228	UPLOADED	expr_part_0228of0270.tsv.gz	532099	https://storage.base44.com/expr_chunks/expr_part_0228of0270.tsv.gz	upload_confirmed
0229	UPLOADED	expr_part_0229of0270.tsv.gz	532099	https://storage.base44.com/expr_chunks/expr_part_0229of0270.tsv.gz	upload_confirmed
0230	UPLOADED	expr_part_0230of0270.tsv.gz	532099	https://storage.base44.com/expr_chunks/expr_part_0230of0270.tsv.gz	upload_confirmed
0231	UPLOADED	expr_part_0231of0270.tsv.gz	532099	https://storage.base44.com/expr_chunks/expr_part_0231of0270.tsv.gz	upload_confirmed
0232	UPLOADED	expr_part_0232of0270.tsv.gz	532099	https://storage.base44.com/expr_chunks/expr_part_0232of0270.tsv.gz	upload_confirmed
0233	UPLOADED	expr_part_0233of0270.tsv.gz	532099	https://storage.base44.com/expr_chunks/expr_part_0233of0270.tsv.gz	upload_confirmed
0234	UPLOADED	expr_part_0234of0270.tsv.gz	532099	https://storage.base44.com/expr_chunks/expr_part_0234of0270.tsv.gz	upload_confirmed
0235	UPLOADED	expr_part_0235of0270.tsv.gz	532099	https://storage.base44.com/expr_chunks/expr_part_0235of0270.tsv.gz	upload_confirmed
0236	UPLOADED	expr_part_0236of0270.tsv.gz	532099	https://storage.base44.com/expr_chunks/expr_part_0236of0270.tsv.gz	upload_confirmed
0237	UPLOADED	expr_part_0237of0270.tsv.gz	532099	https://storage.base44.com/expr_chunks/expr_part_0237of0270.tsv.gz	upload_confirmed
0238	UPLOADED	expr_part_0238of0270.tsv.gz	532099	https://storage.base44.com/expr_chunks/expr_part_0238of0270.tsv.gz	upload_confirmed
0239	UPLOADED	expr_part_0239of0270.tsv.gz	532099	https://storage.base44.com/expr_chunks/expr_part_0239of0270.tsv.gz	upload_confirmed
0240	UPLOADED	expr_part_0240of0270.tsv.gz	532099	https://storage.base44.com/expr_chunks/expr_part_0240of0270.tsv.gz	upload_confirmed
0241	UPLOADED	expr_part_0241of0270.tsv.gz	532099	https://storage.base44.com/expr_chunks/expr_part_0241of0270.tsv.gz	upload_confirmed
0242	UPLOADED	expr_part_0242of0270.tsv.gz	532099	https://storage.base44.com/expr_chunks/expr_part_0242of0270.tsv.gz	upload_confirmed
0243	UPLOADED	expr_part_0243of0270.tsv.gz	532099	https://storage.base44.com/expr_chunks/expr_part_0243of0270.tsv.gz	upload_confirmed
0244	UPLOADED	expr_part_0244of0270.tsv.gz	532099	https://storage.base44.com/expr_chunks/expr_part_0244of0270.tsv.gz	upload_confirmed
0245	UPLOADED	expr_part_0245of0270.tsv.gz	532099	https://storage.base44.com/expr_chunks/expr_part_0245of0270.tsv.gz	upload_confirmed
0246	UPLOADED	expr_part_0246of0270.tsv.gz	532099	https://storage.base44.com/expr_chunks/expr_part_0246of0270.tsv.gz	upload_confirmed
0247	UPLOADED	expr_part_0247of0270.tsv.gz	532099	https://storage.base44.com/expr_chunks/expr_part_0247of0270.tsv.gz	upload_confirmed
0248	UPLOADED	expr_part_0248of0270.tsv.gz	532099	https://storage.base44.com/expr_chunks/expr_part_0248of0270.tsv.gz	upload_confirmed
0249	UPLOADED	expr_part_0249of0270.tsv.gz	532099	https://storage.base44.com/expr_chunks/expr_part_0249of0270.tsv.gz	upload_confirmed
0250	UPLOADED	expr_part_0250of0270.tsv.gz	532099	https://storage.base44.com/expr_chunks/expr_part_0250of0270.tsv.gz	upload_confirmed
0251	UPLOADED	expr_part_0251of0270.tsv.gz	532099	https://storage.base44.com/expr_chunks/expr_part_0251of0270.tsv.gz	upload_confirmed
0252	UPLOADED	expr_part_0252of0270.tsv.gz	532099	https://storage.base44.com/expr_chunks/expr_part_0252of0270.tsv.gz	upload_confirmed
0253	UPLOADED	expr_part_0253of0270.tsv.gz	532099	https://storage.base44.com/expr_chunks/expr_part_0253of0270.tsv.gz	upload_confirmed
0254	UPLOADED	expr_part_0254of0270.tsv.gz	532099	https://storage.base44.com/expr_chunks/expr_part_0254of0270.tsv.gz	upload_confirmed
0255	UPLOADED	expr_part_0255of0270.tsv.gz	532099	https://storage.base44.com/expr_chunks/expr_part_0255of0270.tsv.gz	upload_confirmed
0256	UPLOADED	expr_part_0256of0270.tsv.gz	532099	https://storage.base44.com/expr_chunks/expr_part_0256of0270.tsv.gz	upload_confirmed
0257	UPLOADED	expr_part_0257of0270.tsv.gz	532099	https://storage.base44.com/expr_chunks/expr_part_0257of0270.tsv.gz	upload_confirmed
0258	UPLOADED	expr_part_0258of0270.tsv.gz	532099	https://storage.base44.com/expr_chunks/expr_part_0258of0270.tsv.gz	upload_confirmed
0259	UPLOADED	expr_part_0259of0270.tsv.gz	532099	https://storage.base44.com/expr_chunks/expr_part_0259of0270.tsv.gz	upload_confirmed
0260	UPLOADED	expr_part_0260of0270.tsv.gz	532099	https://storage.base44.com/expr_chunks/expr_part_0260of0270.tsv.gz	upload_confirmed
0261	UPLOADED	expr_part_0261of0270.tsv.gz	532099	https://storage.base44.com/expr_chunks/expr_part_0261of0270.tsv.gz	upload_confirmed
0262	UPLOADED	expr_part_0262of0270.tsv.gz	532099	https://storage.base44.com/expr_chunks/expr_part_0262of0270.tsv.gz	upload_confirmed
0263	UPLOADED	expr_part_0263of0270.tsv.gz	532099	https://storage.base44.com/expr_chunks/expr_part_0263of0270.tsv.gz	upload_confirmed
0264	UPLOADED	expr_part_0264of0270.tsv.gz	532099	https://storage.base44.com/expr_chunks/expr_part_0264of0270.tsv.gz	upload_confirmed
0265	UPLOADED	expr_part_0265of0270.tsv.gz	532099	https://storage.base44.com/expr_chunks/expr_part_0265of0270.tsv.gz	upload_confirmed
0266	UPLOADED	expr_part_0266of0270.tsv.gz	N/A	https://base44.app/api/apps/69cf2481b1652630cbb27323/files/mp/public/69cf2481b1652630cbb27323/27a4760b1_expr_part_0266of0270tsv.gz	upload_confirmed_recovery_2026-04-05T20:27:00Z
0267	UPLOADED	expr_part_0267of0270.tsv.gz	N/A	https://base44.app/api/apps/69cf2481b1652630cbb27323/files/mp/public/69cf2481b1652630cbb27323/7d4e91d44_expr_part_0267of0270tsv.gz	upload_confirmed_recovery_2026-04-05T20:27:00Z
0268	UPLOADED	expr_part_0268of0270.tsv.gz	N/A	https://base44.app/api/apps/69cf2481b1652630cbb27323/files/mp/public/69cf2481b1652630cbb27323/2f75b35ba_expr_part_0268of0270tsv.gz	upload_confirmed_recovery_2026-04-05T20:27:00Z
0269	UPLOADED	expr_part_0269of0270.tsv.gz	N/A	https://base44.app/api/apps/69cf2481b1652630cbb27323/files/mp/public/69cf2481b1652630cbb27323/f75eb3b8e_expr_part_0269of0270tsv.gz	upload_confirmed_recovery_2026-04-05T20:27:00Z
0270	UPLOADED	expr_part_0270of0270.tsv.gz	N/A	https://base44.app/api/apps/69cf2481b1652630cbb27323/files/mp/public/69cf2481b1652630cbb27323/2eb005ea8_expr_part_0270of0270tsv.gz	upload_confirmed_recovery_2026-04-05T20:27:00Z
